Time,CPU (%)
2017-05-02 00:00:00,19.59790380495542
2017-05-02 01:00:00,18.858334769278088
2017-05-02 02:00:00,16.14551964946648
2017-05-02 03:00:00,17.989939380085772
2017-05-02 04:00:00,18.745603168668577
2017-05-02 05:00:00,17.13589732713732
2017-05-02 06:00:00,18.318613902830542
2017-05-02 07:00:00,18.13025823085796
2017-05-02 08:00:00,18.00514971712084
2017-05-02 09:00:00,17.790479747288472
2017-05-02 10:00:00,18.519631427944315
2017-05-02 11:00:00,19.443644848574657
2017-05-02 12:00:00,16.841921195379886
2017-05-02 13:00:00,29.233928893579247
2017-05-02 14:00:00,18.27435615614959
2017-05-02 15:00:00,18.534165135396417
2017-05-02 16:00:00,56.636077345802747
2017-05-02 17:00:00,18.16216425413836
2017-05-02 18:00:00,19.7814444022039
2017-05-02 19:00:00,16.704234137057668
2017-05-02 20:00:00,15.626726063210512
2017-05-02 21:00:00,15.90795324492131
2017-05-02 22:00:00,18.31928419680066
2017-05-02 23:00:00,60.861960796853314
2017-05-03 00:00:00,19.348429504091307
2017-05-03 01:00:00,20.007146655969393
2017-05-03 02:00:00,18.11897905900229
2017-05-03 03:00:00,19.677595652512288
2017-05-03 04:00:00,17.67450241444106
2017-05-03 05:00:00,18.735845021831565
2017-05-03 06:00:00,17.679219373591717
2017-05-03 07:00:00,17.340829183073424
2017-05-03 08:00:00,18.15924995491194
2017-05-03 09:00:00,17.428629582087197
2017-05-03 10:00:00,19.570167697036172
2017-05-03 11:00:00,18.23401593507971
2017-05-03 12:00:00,18.480251985902818
2017-05-03 13:00:00,17.594841195497363
2017-05-03 14:00:00,19.507766716506186
2017-05-03 15:00:00,17.12163659759855
2017-05-03 16:00:00,18.792277861471575
2017-05-03 17:00:00,17.578953730272154
2017-05-03 18:00:00,16.872679968284938
2017-05-03 19:00:00,17.412795339738416
2017-05-03 20:00:00,17.034490629276057
2017-05-03 21:00:00,17.744762833547384
2017-05-03 22:00:00,17.593031704723877
2017-05-03 23:00:00,18.374603923575865
2017-05-04 00:00:00,18.678183203587952
2017-05-04 01:00:00,77.823095690727573
2017-05-04 02:00:00,17.968913595820574
2017-05-04 03:00:00,18.346913044564722
2017-05-04 04:00:00,17.352145114400756
2017-05-04 05:00:00,18.849792023911924
2017-05-04 06:00:00,19.010669686059185
2017-05-04 07:00:00,98.244296956792976
2017-05-04 08:00:00,20.87364439786144
2017-05-04 09:00:00,19.100950725012513
2017-05-04 10:00:00,17.865273034567007
2017-05-04 11:00:00,37.56538346342931
2017-05-04 12:00:00,17.72138129286709
2017-05-04 13:00:00,17.39792532048616
2017-05-04 14:00:00,19.35454218373185
2017-05-04 15:00:00,17.16262796343394
2017-05-04 16:00:00,17.902653379419665
2017-05-04 17:00:00,17.364844702800614
2017-05-04 18:00:00,19.255419428169915
2017-05-04 19:00:00,16.297732764931926
2017-05-04 20:00:00,17.56500098021323
2017-05-04 21:00:00,17.853713170605733
2017-05-04 22:00:00,18.38322770530947
2017-05-04 23:00:00,18.55308348200606
2017-05-05 00:00:00,17.74105212920337
2017-05-05 01:00:00,19.186886948999327
2017-05-05 02:00:00,18.37770453457408
2017-05-05 03:00:00,20.96118126772152
2017-05-05 04:00:00,16.19001421540414
2017-05-05 05:00:00,18.744720795610334
2017-05-05 06:00:00,16.745840954982675
2017-05-05 07:00:00,17.042389418793306
2017-05-05 08:00:00,20.38210150971088
2017-05-05 09:00:00,20.093776978007163
2017-05-05 10:00:00,15.772577423266622
2017-05-05 11:00:00,17.7326715610764
2017-05-05 12:00:00,17.920982582746557
2017-05-05 13:00:00,15.441945469822075
2017-05-05 14:00:00,17.941403386393493
2017-05-05 15:00:00,18.472009460498086
2017-05-05 16:00:00,18.260718174141648
2017-05-05 17:00:00,15.60672747631073
2017-05-05 18:00:00,19.32924988173918
2017-05-05 19:00:00,18.293452771977588
2017-05-05 20:00:00,17.925705564609117
2017-05-05 21:00:00,17.095328447102762
2017-05-05 22:00:00,18.854350819823807
2017-05-05 23:00:00,19.101922981775296
2017-05-06 00:00:00,17.421488233397426
2017-05-06 01:00:00,18.10750513510742
2017-05-06 02:00:00,18.992398347194715
2017-05-06 03:00:00,15.654585455998193
2017-05-06 04:00:00,18.140970793231965
2017-05-06 05:00:00,15.711051734250718
2017-05-06 06:00:00,16.892508882181264
2017-05-06 07:00:00,18.56370172089965
2017-05-06 08:00:00,17.826759884367643
2017-05-06 09:00:00,17.519833977617125
2017-05-06 10:00:00,17.64481937647294
2017-05-06 11:00:00,19.017850330825986
2017-05-06 12:00:00,18.848196545701963
2017-05-06 13:00:00,17.055277288503376
2017-05-06 14:00:00,18.351528869798358
2017-05-06 15:00:00,17.43503129821738
2017-05-06 16:00:00,20.88519072712482
2017-05-06 17:00:00,17.11277191378959
2017-05-06 18:00:00,17.624605491195492
2017-05-06 19:00:00,17.581341698139006
2017-05-06 20:00:00,17.47316851653598
2017-05-06 21:00:00,18.16932500167732
2017-05-06 22:00:00,18.327659184114374
2017-05-06 23:00:00,16.057715102621046
2017-05-07 00:00:00,17.31226396612849
2017-05-07 01:00:00,16.41546294493025
2017-05-07 02:00:00,19.483446391424177
2017-05-07 03:00:00,20.95839009847377
2017-05-07 04:00:00,19.659878675442624
2017-05-07 05:00:00,18.415479738421418
2017-05-07 06:00:00,19.227019328680964
2017-05-07 07:00:00,18.20017232042368
2017-05-07 08:00:00,19.988059949373948
2017-05-07 09:00:00,18.801467530600128
2017-05-07 10:00:00,17.724064027470334
2017-05-07 11:00:00,16.644538566679447
2017-05-07 12:00:00,17.2320448749258
2017-05-07 13:00:00,18.376596625870807
2017-05-07 14:00:00,16.528996823114333
2017-05-07 15:00:00,17.733848236320604
2017-05-07 16:00:00,19.607911571949064
2017-05-07 17:00:00,18.035171653131805
2017-05-07 18:00:00,20.382462895307263
2017-05-07 19:00:00,19.73659872080187
2017-05-07 20:00:00,17.654844703619304
2017-05-07 21:00:00,16.368827312272803
2017-05-07 22:00:00,17.942350409724696
2017-05-07 23:00:00,17.42305519184157
2017-05-08 00:00:00,18.453303703158408
2017-05-08 01:00:00,19.937289568974556
2017-05-08 02:00:00,16.652275157730738
2017-05-08 03:00:00,17.533526463774226
2017-05-08 04:00:00,18.398819939437818
2017-05-08 05:00:00,19.361967807698285
2017-05-08 06:00:00,18.612857293677436
2017-05-08 07:00:00,18.49715716943281
2017-05-08 08:00:00,19.613459308039126
2017-05-08 09:00:00,18.592218380697947
2017-05-08 10:00:00,17.715594978571822
2017-05-08 11:00:00,18.06874218018722
2017-05-08 12:00:00,17.151514263519402
2017-05-08 13:00:00,18.65599780504144
2017-05-08 14:00:00,19.131000490728166
2017-05-08 15:00:00,14.424483874726638
2017-05-08 16:00:00,19.461778620421256
2017-05-08 17:00:00,17.93217513230089
2017-05-08 18:00:00,18.553066142878638
2017-05-08 19:00:00,18.79484881406956
2017-05-08 20:00:00,15.245876005244849
2017-05-08 21:00:00,16.56488482624378
2017-05-08 22:00:00,17.600278605434596
2017-05-08 23:00:00,17.050331074839068
2017-05-09 00:00:00,18.329007336912127
2017-05-09 01:00:00,17.382108093034496
2017-05-09 02:00:00,15.946714563414881
2017-05-09 03:00:00,18.73475677499826
2017-05-09 04:00:00,19.320155248815993
2017-05-09 05:00:00,18.677223031663342
2017-05-09 06:00:00,17.144640675807526
2017-05-09 07:00:00,17.686968625734988
2017-05-09 08:00:00,18.65811367955499
2017-05-09 09:00:00,18.723838860276707
2017-05-09 10:00:00,19.208233366349788
2017-05-09 11:00:00,17.646688791132068
2017-05-09 12:00:00,16.294943381814917
2017-05-09 13:00:00,57.18526387045595
2017-05-09 14:00:00,18.64066177117305
2017-05-09 15:00:00,18.892769284543107
2017-05-09 16:00:00,20.670059566587835
2017-05-09 17:00:00,18.14061770423338
2017-05-09 18:00:00,18.29353742431799
2017-05-09 19:00:00,17.78724141282532
2017-05-09 20:00:00,17.513124566821087
2017-05-09 21:00:00,18.938130228450735
2017-05-09 22:00:00,18.42417313656462
2017-05-09 23:00:00,17.751264617134275
2017-05-10 00:00:00,16.70436313924938
2017-05-10 01:00:00,17.852316205787833
2017-05-10 02:00:00,17.530821377632314
2017-05-10 03:00:00,19.506208478051484
2017-05-10 04:00:00,19.136551293810225
2017-05-10 05:00:00,16.773227169267127
2017-05-10 06:00:00,19.40060204208494
2017-05-10 07:00:00,17.31362782405468
2017-05-10 08:00:00,18.15976499624527
2017-05-10 09:00:00,19.443292648763887
2017-05-10 10:00:00,16.77029643954566
2017-05-10 11:00:00,18.192478995531072
2017-05-10 12:00:00,16.64342965543279
2017-05-10 13:00:00,15.670440382773087
2017-05-10 14:00:00,19.183917380277595
2017-05-10 15:00:00,18.033872840758942
2017-05-10 16:00:00,17.013158882603204
2017-05-10 17:00:00,16.096137886982582
2017-05-10 18:00:00,17.518232616753934
2017-05-10 19:00:00,19.610615141106027
2017-05-10 20:00:00,18.482962912186135
2017-05-10 21:00:00,17.55268630027576
2017-05-10 22:00:00,17.193571876237982
2017-05-10 23:00:00,18.12697449935491
2017-05-11 00:00:00,16.143233530898968
2017-05-11 01:00:00,19.613767812753874
2017-05-11 02:00:00,18.603827017963788
2017-05-11 03:00:00,19.433220722955895
2017-05-11 04:00:00,17.323793194564626
2017-05-11 05:00:00,19.0257945075752
2017-05-11 06:00:00,18.82548567079383
2017-05-11 07:00:00,16.160317538051782
2017-05-11 08:00:00,18.178752841172265
2017-05-11 09:00:00,18.378133401866
2017-05-11 10:00:00,17.310098803137063
2017-05-11 11:00:00,17.567794638684656
2017-05-11 12:00:00,18.523422355839287
2017-05-11 13:00:00,17.95449854158436
2017-05-11 14:00:00,16.794340376968687
2017-05-11 15:00:00,18.709743703956388
2017-05-11 16:00:00,18.27338083661425
2017-05-11 17:00:00,18.2990143894636
2017-05-11 18:00:00,18.11491588408526
2017-05-11 19:00:00,18.53882607683259
2017-05-11 20:00:00,17.656797590808413
2017-05-11 21:00:00,16.96469004072359
2017-05-11 22:00:00,17.10981019347551
2017-05-11 23:00:00,19.326690163389678
2017-05-12 00:00:00,15.5787376167907
2017-05-12 01:00:00,18.648648855721518
2017-05-12 02:00:00,16.269241340862454
2017-05-12 03:00:00,16.06937956459426
2017-05-12 04:00:00,16.79211772584479
2017-05-12 05:00:00,17.69095965023824
2017-05-12 06:00:00,18.876608936567436
2017-05-12 07:00:00,15.961918210605702
2017-05-12 08:00:00,20.008890654709454
2017-05-12 09:00:00,19.396468440202042
2017-05-12 10:00:00,17.840911688818192
2017-05-12 11:00:00,17.651705029665045
2017-05-12 12:00:00,16.85576109886023
2017-05-12 13:00:00,18.705648712570632
2017-05-12 14:00:00,18.082561764890677
2017-05-12 15:00:00,19.69447716530837
2017-05-12 16:00:00,17.17654126214506
2017-05-12 17:00:00,18.6575327122088
2017-05-12 18:00:00,17.95634095463734
2017-05-12 19:00:00,16.983580496346175
2017-05-12 20:00:00,20.2827648499584
2017-05-12 21:00:00,18.33552647061601
2017-05-12 22:00:00,18.74430540181616
2017-05-12 23:00:00,16.71771874983854
2017-05-13 00:00:00,17.13285511979266
2017-05-13 01:00:00,18.100967466470102
2017-05-13 02:00:00,17.298653812049558
2017-05-13 03:00:00,18.722426724904455
2017-05-13 04:00:00,18.52603828700363
2017-05-13 05:00:00,17.061188166826394
2017-05-13 06:00:00,18.231523181002952
2017-05-13 07:00:00,18.004829894385523
2017-05-13 08:00:00,17.80310965118712
2017-05-13 09:00:00,16.621425282710565
2017-05-13 10:00:00,16.997389795235698
2017-05-13 11:00:00,18.252540874055263
2017-05-13 12:00:00,19.216781556899626
2017-05-13 13:00:00,16.835762612428507
2017-05-13 14:00:00,19.460617870972666
2017-05-13 15:00:00,18.21917685428286
2017-05-13 16:00:00,16.476216489836542
2017-05-13 17:00:00,18.388067915666
2017-05-13 18:00:00,19.062929829125878
2017-05-13 19:00:00,18.317273629956855
2017-05-13 20:00:00,20.78295278115298
2017-05-13 21:00:00,18.370401207825353
2017-05-13 22:00:00,19.07107683781859
2017-05-13 23:00:00,18.013227236130955
2017-05-14 00:00:00,19.176088953602378
2017-05-14 01:00:00,15.125313583929842
2017-05-14 02:00:00,16.970972981952375
2017-05-14 03:00:00,17.562866296500385
2017-05-14 04:00:00,18.60471228145242
2017-05-14 05:00:00,18.225997457498003
2017-05-14 06:00:00,19.302272488387313
2017-05-14 07:00:00,18.42832688040677
2017-05-14 08:00:00,18.248795480868147
2017-05-14 09:00:00,17.825922555209907
2017-05-14 10:00:00,18.19668510321412
2017-05-14 11:00:00,18.99541498127669
2017-05-14 12:00:00,18.90635994954261
2017-05-14 13:00:00,19.055382828669195
2017-05-14 14:00:00,17.712052441405312
2017-05-14 15:00:00,17.165932025511196
2017-05-14 16:00:00,17.434319900443572
2017-05-14 17:00:00,18.419371690400837
2017-05-14 18:00:00,19.933748752792017
2017-05-14 19:00:00,18.287207119717486
2017-05-14 20:00:00,18.582003153776736
2017-05-14 21:00:00,16.009674352112047
2017-05-14 22:00:00,21.21589236957518
2017-05-14 23:00:00,16.67577344248653
2017-05-15 00:00:00,20.181339130457204
2017-05-15 01:00:00,17.332743190030435
2017-05-15 02:00:00,19.149253487625224
2017-05-15 03:00:00,18.978264817714102
2017-05-15 04:00:00,18.077183279704812
2017-05-15 05:00:00,17.800313554183514
2017-05-15 06:00:00,16.871148270008593
2017-05-15 07:00:00,17.935686597932282
2017-05-15 08:00:00,19.321363443773187
2017-05-15 09:00:00,18.44654705448669
2017-05-15 10:00:00,16.939846815487506
2017-05-15 11:00:00,19.389661886037075
2017-05-15 12:00:00,16.55561581008689
2017-05-15 13:00:00,18.25180697024609
2017-05-15 14:00:00,16.930575693445583
2017-05-15 15:00:00,17.060774703610402
2017-05-15 16:00:00,19.29567681335485
2017-05-15 17:00:00,17.444590937284477
2017-05-15 18:00:00,16.181909184779965
2017-05-15 19:00:00,17.35353776186721
2017-05-15 20:00:00,18.907946229273815
2017-05-15 21:00:00,17.124720933034496
2017-05-15 22:00:00,19.45773918009621
2017-05-15 23:00:00,19.209939560046266
2017-05-16 00:00:00,18.087939610712073
2017-05-16 01:00:00,19.408478896107365
2017-05-16 02:00:00,20.235542000785145
2017-05-16 03:00:00,15.619636202821237
2017-05-16 04:00:00,19.388026716129914
2017-05-16 05:00:00,18.731138719538833
2017-05-16 06:00:00,17.61215852103239
2017-05-16 07:00:00,18.796974728313995
2017-05-16 08:00:00,18.476071191709956
2017-05-16 09:00:00,17.308659766950544
2017-05-16 10:00:00,19.785862070493614
2017-05-16 11:00:00,18.16829624016609
2017-05-16 12:00:00,19.425980104781573
2017-05-16 13:00:00,17.705105534941943
2017-05-16 14:00:00,16.037296058389007
2017-05-16 15:00:00,18.29375770625518
2017-05-16 16:00:00,17.71790132422918
2017-05-16 17:00:00,16.48700663321503
2017-05-16 18:00:00,15.96963848546783
2017-05-16 19:00:00,18.739741106885848
2017-05-16 20:00:00,19.523629538007953
2017-05-16 21:00:00,19.6768055719408
2017-05-16 22:00:00,18.64106995472055
2017-05-16 23:00:00,28.004922446270484
2017-05-17 00:00:00,18.22730381074727
2017-05-17 01:00:00,18.053729622500338
2017-05-17 02:00:00,18.95362232920413
2017-05-17 03:00:00,17.408231110270865
2017-05-17 04:00:00,16.48609231320032
2017-05-17 05:00:00,17.7368876831964
2017-05-17 06:00:00,18.23672666861463
2017-05-17 07:00:00,17.693663455146858
2017-05-17 08:00:00,18.03096910980781
2017-05-17 09:00:00,20.641159725170144
2017-05-17 10:00:00,19.061241124191053
2017-05-17 11:00:00,16.335812958466633
2017-05-17 12:00:00,18.7843947771959
2017-05-17 13:00:00,15.388069638416397
2017-05-17 14:00:00,18.74273870927331
2017-05-17 15:00:00,18.57268116373344
2017-05-17 16:00:00,18.03131583376404
2017-05-17 17:00:00,16.836353192634242
2017-05-17 18:00:00,16.81952625115978
2017-05-17 19:00:00,18.495039258793895
2017-05-17 20:00:00,17.262834184394958
2017-05-17 21:00:00,19.004498130447363
2017-05-17 22:00:00,17.25165719006662
2017-05-17 23:00:00,17.564176558287397
2017-05-18 00:00:00,18.91136559735945
2017-05-18 01:00:00,17.9592876003875
2017-05-18 02:00:00,17.800319168737847
2017-05-18 03:00:00,18.32348690810265
2017-05-18 04:00:00,18.450366661267346
2017-05-18 05:00:00,17.899301706982552
2017-05-18 06:00:00,18.271351619099335
2017-05-18 07:00:00,17.86094312329087
2017-05-18 08:00:00,18.49392289447541
2017-05-18 09:00:00,18.34537252115367
2017-05-18 10:00:00,18.60512577253615
2017-05-18 11:00:00,18.965120829230088
2017-05-18 12:00:00,16.763270144529006
2017-05-18 13:00:00,16.370762927953418
2017-05-18 14:00:00,17.68019776196403
2017-05-18 15:00:00,17.79444864289795
2017-05-18 16:00:00,18.554862660868565
2017-05-18 17:00:00,16.5361733594395
2017-05-18 18:00:00,18.231087407028262
2017-05-18 19:00:00,18.522540466213496
2017-05-18 20:00:00,16.03806703665289
2017-05-18 21:00:00,18.52192472951204
2017-05-18 22:00:00,19.677383262992244
2017-05-18 23:00:00,18.149600130094054
2017-05-19 00:00:00,16.93025831755963
2017-05-19 01:00:00,17.30772799021506
2017-05-19 02:00:00,17.910061358241613
2017-05-19 03:00:00,17.37386826217681
2017-05-19 04:00:00,14.154718386804443
2017-05-19 05:00:00,19.755253191202204
2017-05-19 06:00:00,17.439716854157897
2017-05-19 07:00:00,17.785176358960353
2017-05-19 08:00:00,19.109697161414307
2017-05-19 09:00:00,18.282293717994687
2017-05-19 10:00:00,17.41367009334155
2017-05-19 11:00:00,17.88842215009189
2017-05-19 12:00:00,18.642481658673912
2017-05-19 13:00:00,18.661013641330264
2017-05-19 14:00:00,17.7701735358009
2017-05-19 15:00:00,18.953637153270115
2017-05-19 16:00:00,18.942115798871033
2017-05-19 17:00:00,17.41473069966339
2017-05-19 18:00:00,16.79296216219822
2017-05-19 19:00:00,18.39309043868628
2017-05-19 20:00:00,18.694858140217033
2017-05-19 21:00:00,17.448089342525034
2017-05-19 22:00:00,17.477020903357158
2017-05-19 23:00:00,18.64352226209709
2017-05-20 00:00:00,18.188417980140926
2017-05-20 01:00:00,19.630546966779953
2017-05-20 02:00:00,18.61841429415743
2017-05-20 03:00:00,20.860949547640665
2017-05-20 04:00:00,68.635028321371784
2017-05-20 05:00:00,16.924627396236477
2017-05-20 06:00:00,17.762627859135407
2017-05-20 07:00:00,17.88542900178317
2017-05-20 08:00:00,15.983464897192224
2017-05-20 09:00:00,18.812049834593175
2017-05-20 10:00:00,18.072873388254475
2017-05-20 11:00:00,17.9723505739521
2017-05-20 12:00:00,17.336017886884243
2017-05-20 13:00:00,16.672652116460547
2017-05-20 14:00:00,17.739438126732153
2017-05-20 15:00:00,16.949493147835287
2017-05-20 16:00:00,18.012937714798355
2017-05-20 17:00:00,16.912503815131387
2017-05-20 18:00:00,16.301096147100733
2017-05-20 19:00:00,18.113649973506398
2017-05-20 20:00:00,18.2325607326474
2017-05-20 21:00:00,18.651882102774188
2017-05-20 22:00:00,98.067602935253085
2017-05-20 23:00:00,19.75878600610348
2017-05-21 00:00:00,17.236836946100595
2017-05-21 01:00:00,19.33140627415051
2017-05-21 02:00:00,16.80884101900843
2017-05-21 03:00:00,17.181190231765445
2017-05-21 04:00:00,17.508876959267273
2017-05-21 05:00:00,17.703029672318856
2017-05-21 06:00:00,19.83342134327805
2017-05-21 07:00:00,17.22067395491146
2017-05-21 08:00:00,16.477181368680508
2017-05-21 09:00:00,18.905851284871847
2017-05-21 10:00:00,17.971309868879136
2017-05-21 11:00:00,16.130949033562803
2017-05-21 12:00:00,18.415621891936624
2017-05-21 13:00:00,19.13083739694817
2017-05-21 14:00:00,17.53742781995274
2017-05-21 15:00:00,19.87225053716068
2017-05-21 16:00:00,19.85419411190023
2017-05-21 17:00:00,17.169974815050523
2017-05-21 18:00:00,19.03742216655234
2017-05-21 19:00:00,15.482649752071506
2017-05-21 20:00:00,18.204353633770307
2017-05-21 21:00:00,17.090604417178895
2017-05-21 22:00:00,19.16137249938143
2017-05-21 23:00:00,16.95056994636912
2017-05-22 00:00:00,19.233408468080192
2017-05-22 01:00:00,17.036532445874375
2017-05-22 02:00:00,17.486035910784377
2017-05-22 03:00:00,17.0935009994275
2017-05-22 04:00:00,18.264596278736093
2017-05-22 05:00:00,16.352262978413894
2017-05-22 06:00:00,18.776110004745252
2017-05-22 07:00:00,17.1917978231764
2017-05-22 08:00:00,20.69023980305197
2017-05-22 09:00:00,17.704215455283425
2017-05-22 10:00:00,17.08367479341198
2017-05-22 11:00:00,18.57694649171183
2017-05-22 12:00:00,17.001840956640347
2017-05-22 13:00:00,18.711827077547337
2017-05-22 14:00:00,17.46146503289792
2017-05-22 15:00:00,18.585235125812503
2017-05-22 16:00:00,18.06757767534492
2017-05-22 17:00:00,18.6549413583449
2017-05-22 18:00:00,17.180253118708514
2017-05-22 19:00:00,17.2091792299977
2017-05-22 20:00:00,79.72710447419774
2017-05-22 21:00:00,79.65857594998808
2017-05-22 22:00:00,79.10558451741747
2017-05-22 23:00:00,77.31253533386698
2017-05-23 00:00:00,79.53005892112002
2017-05-23 01:00:00,77.60540155199998
2017-05-23 02:00:00,77.82439103341872
2017-05-23 03:00:00,79.27012397100712
2017-05-23 04:00:00,77.86670346884725
2017-05-23 05:00:00,77.95334264028443
2017-05-23 06:00:00,77.61316380931325
2017-05-23 07:00:00,77.2010811225788
2017-05-23 08:00:00,77.1544559946389
2017-05-23 09:00:00,77.57548472315777
2017-05-23 10:00:00,78.18231290502706
2017-05-23 11:00:00,77.63495979578599
2017-05-23 12:00:00,76.58537475700386
2017-05-23 13:00:00,77.8210407520732
2017-05-23 14:00:00,77.72988377958647
2017-05-23 15:00:00,78.08418524852817
2017-05-23 16:00:00,78.54248067428775
2017-05-23 17:00:00,78.35288310943426
2017-05-23 18:00:00,77.00698798454843
2017-05-23 19:00:00,77.00583453972379
2017-05-23 20:00:00,77.40899104391447
2017-05-23 21:00:00,77.09805547089307
2017-05-23 22:00:00,76.09394302085364
2017-05-23 23:00:00,77.43752314405799
2017-05-24 00:00:00,76.28265783911961
2017-05-24 01:00:00,76.48380376379433
2017-05-24 02:00:00,76.51170164142532
2017-05-24 03:00:00,76.73626083184374
2017-05-24 04:00:00,76.64136271476272
2017-05-24 05:00:00,76.90686473303155
2017-05-24 06:00:00,77.68771213731333
2017-05-24 07:00:00,78.97758542327024
2017-05-24 08:00:00,76.38319023267012
2017-05-24 09:00:00,79.27143399130134
2017-05-24 10:00:00,78.62944888299862
2017-05-24 11:00:00,78.64018682573916
2017-05-24 12:00:00,77.6957303783674
2017-05-24 13:00:00,78.23054675171304
2017-05-24 14:00:00,78.67550615130662
2017-05-24 15:00:00,78.75294116234807
2017-05-24 16:00:00,77.59206165359878
2017-05-24 17:00:00,78.88461477734475
2017-05-24 18:00:00,79.44348350671224
2017-05-24 19:00:00,79.16467143200265
2017-05-24 20:00:00,78.844654465004
2017-05-24 21:00:00,77.27401473849407
2017-05-24 22:00:00,78.00565265335078
2017-05-24 23:00:00,78.1764407278607
2017-05-25 00:00:00,77.44495305929571
2017-05-25 01:00:00,78.26227059833013
2017-05-25 02:00:00,78.20250433050282
2017-05-25 03:00:00,77.94000338619406
2017-05-25 04:00:00,77.82011262528647
2017-05-25 05:00:00,77.95760632523107
2017-05-25 06:00:00,78.04033984149952
2017-05-25 07:00:00,77.56010881170646
2017-05-25 08:00:00,77.49094629505137
2017-05-25 09:00:00,77.93898041988291
2017-05-25 10:00:00,76.65149495642794
2017-05-25 11:00:00,75.77117020105209
2017-05-25 12:00:00,77.74017008176325
2017-05-25 13:00:00,76.58495459722063
2017-05-25 14:00:00,79.97371335824805
2017-05-25 15:00:00,78.86811503593881
2017-05-25 16:00:00,79.4977791552436
2017-05-25 17:00:00,78.8792709242719
2017-05-25 18:00:00,77.61477271451459
2017-05-25 19:00:00,78.60107396032029
2017-05-25 20:00:00,78.62393077346991
2017-05-25 21:00:00,76.34654900491373
2017-05-25 22:00:00,78.94165277482742
2017-05-25 23:00:00,76.92443079953392
2017-05-26 00:00:00,76.58599448147577
2017-05-26 01:00:00,78.8894248866098
2017-05-26 02:00:00,77.31258080211869
2017-05-26 03:00:00,76.84679358833989
2017-05-26 04:00:00,79.42550159327793
2017-05-26 05:00:00,75.88060199937337
2017-05-26 06:00:00,77.0755060112273
2017-05-26 07:00:00,79.34909029872594
2017-05-26 08:00:00,81.20602210669459
2017-05-26 09:00:00,78.07733460008167
2017-05-26 10:00:00,79.09618117653072
2017-05-26 11:00:00,76.8035925478947
2017-05-26 12:00:00,80.49005840353347
2017-05-26 13:00:00,77.29177616317534
2017-05-26 14:00:00,74.62079853941879
2017-05-26 15:00:00,78.13145331158215
2017-05-26 16:00:00,78.1712031523004
2017-05-26 17:00:00,77.05915732723783
2017-05-26 18:00:00,78.30913288210607
2017-05-26 19:00:00,79.57550729637411
2017-05-26 20:00:00,76.38116955684428
2017-05-26 21:00:00,78.60016422113438
2017-05-26 22:00:00,76.8184960223802
2017-05-26 23:00:00,79.7831752968467
2017-05-27 00:00:00,78.68483214602078
2017-05-27 01:00:00,77.3845497691783
2017-05-27 02:00:00,78.33093890758606
2017-05-27 03:00:00,77.53286214945683
2017-05-27 04:00:00,78.77823529805005
2017-05-27 05:00:00,77.97068575321607
2017-05-27 06:00:00,79.57018458542021
2017-05-27 07:00:00,81.19509296859734
2017-05-27 08:00:00,78.41127167851452
2017-05-27 09:00:00,79.04715619849549
2017-05-27 10:00:00,78.45287640651246
2017-05-27 11:00:00,77.39200874269514
2017-05-27 12:00:00,78.57961935578217
2017-05-27 13:00:00,79.17228723682416
2017-05-27 14:00:00,79.01620954343787
2017-05-27 15:00:00,78.18798210837272
2017-05-27 16:00:00,77.81457387032968
2017-05-27 17:00:00,80.19617658021606
2017-05-27 18:00:00,79.11493355465203
2017-05-27 19:00:00,79.65904498406569
2017-05-27 20:00:00,77.21728636974942
2017-05-27 21:00:00,79.70742401430105
2017-05-27 22:00:00,76.24938674842946
2017-05-27 23:00:00,78.57317873311676
2017-05-28 00:00:00,78.03528095292567
2017-05-28 01:00:00,78.1941753433797
2017-05-28 02:00:00,77.50689167788106
2017-05-28 03:00:00,79.11700276159607
2017-05-28 04:00:00,78.64592237800142
2017-05-28 05:00:00,78.23423135534064
2017-05-28 06:00:00,80.47875086177032
2017-05-28 07:00:00,79.25046289715021
2017-05-28 08:00:00,78.21998210144649
2017-05-28 09:00:00,77.98621380447824
2017-05-28 10:00:00,75.6154750207366
2017-05-28 11:00:00,77.23100124897516
2017-05-28 12:00:00,57.4223265380455
2017-05-28 13:00:00,77.0269058272479
2017-05-28 14:00:00,77.86935174564428
2017-05-28 15:00:00,80.18493678444865
2017-05-28 16:00:00,48.61688393354234
2017-05-28 17:00:00,77.71839904605955
2017-05-28 18:00:00,76.6973056338323
2017-05-28 19:00:00,79.14209515693798
2017-05-28 20:00:00,77.72352934404645
2017-05-28 21:00:00,80.24398538931982
2017-05-28 22:00:00,78.18926997265093
2017-05-28 23:00:00,79.72036383148361
2017-05-29 00:00:00,78.56716731428914
2017-05-29 01:00:00,78.09079070389662
2017-05-29 02:00:00,78.15137383987894
2017-05-29 03:00:00,78.75069833045768
2017-05-29 04:00:00,77.96769283278337
2017-05-29 05:00:00,76.11906239253459
2017-05-29 06:00:00,75.73817979317943
2017-05-29 07:00:00,77.13898534079814
2017-05-29 08:00:00,77.01847634861824
2017-05-29 09:00:00,78.25124530723492
2017-05-29 10:00:00,77.84325489267349
2017-05-29 11:00:00,78.59158224573618
2017-05-29 12:00:00,77.73268071539734
2017-05-29 13:00:00,78.67424695796157
2017-05-29 14:00:00,78.40567121365426
2017-05-29 15:00:00,79.32464748389158
2017-05-29 16:00:00,76.91964052698535
2017-05-29 17:00:00,75.71878351695472
2017-05-29 18:00:00,77.25497480163453
2017-05-29 19:00:00,78.87419215754977
2017-05-29 20:00:00,77.20987174166116
2017-05-29 21:00:00,27.4251585212889
2017-05-29 22:00:00,76.4530503584475
2017-05-29 23:00:00,76.83096048929023
2017-05-30 00:00:00,17.76707696134793
2017-05-30 01:00:00,75.90391698900511
2017-05-30 02:00:00,77.81882753753901
2017-05-30 03:00:00,78.02150782907269
2017-05-30 04:00:00,77.76201539587022
2017-05-30 05:00:00,78.14957539375293
2017-05-30 06:00:00,77.20349889040614
2017-05-30 07:00:00,79.53788860876163
2017-05-30 08:00:00,78.95068737992067
2017-05-30 09:00:00,77.05067765628229
2017-05-30 10:00:00,77.90807399193679
2017-05-30 11:00:00,77.20291520606496
2017-05-30 12:00:00,79.52618474867226
2017-05-30 13:00:00,77.85653642051872
2017-05-30 14:00:00,76.55882566565701
2017-05-30 15:00:00,79.01542211432526
2017-05-30 16:00:00,78.73347573944109
2017-05-30 17:00:00,77.7556763053674
2017-05-30 18:00:00,77.37099141204011
2017-05-30 19:00:00,77.49771117226695
2017-05-30 20:00:00,77.92570054474187
2017-05-30 21:00:00,76.72938204962682
2017-05-30 22:00:00,80.1662946929619
2017-05-30 23:00:00,77.91117213123863
2017-05-31 00:00:00,80.64586283758119
2017-05-31 01:00:00,77.45749285569983
2017-05-31 02:00:00,77.7486768476619
2017-05-31 03:00:00,77.64637877079342
2017-05-31 04:00:00,19.087790596494013
2017-05-31 05:00:00,19.199105391477442
2017-05-31 06:00:00,18.378461169375427
2017-05-31 07:00:00,19.365359360342094
2017-05-31 08:00:00,19.38971563703462
2017-05-31 09:00:00,19.199712622663117
2017-05-31 10:00:00,17.500261658948908
2017-05-31 11:00:00,16.62746831663001
2017-05-31 12:00:00,16.048263820309035
2017-05-31 13:00:00,16.24945269467617
2017-05-31 14:00:00,17.62100957491868
2017-05-31 15:00:00,16.453277026597057
2017-05-31 16:00:00,17.869968020563945
2017-05-31 17:00:00,19.79187999516928
2017-05-31 18:00:00,17.812687701088816
2017-05-31 19:00:00,15.730025523994021
2017-05-31 20:00:00,19.008439388963588
2017-05-31 21:00:00,17.72976139477899
2017-05-31 22:00:00,17.400695704940034
2017-05-31 23:00:00,17.674778519725443
2017-06-01 00:00:00,16.40956095390252
2017-06-01 01:00:00,18.022257762942832
2017-06-01 02:00:00,18.90546590285926
2017-06-01 03:00:00,16.770236772189897
2017-06-01 04:00:00,18.68392025082318
2017-06-01 05:00:00,18.731052489297557
2017-06-01 06:00:00,17.31802179576113
2017-06-01 07:00:00,19.21103524759078
2017-06-01 08:00:00,16.609538807500478
2017-06-01 09:00:00,18.527679209044262
2017-06-01 10:00:00,17.827749072454708
2017-06-01 11:00:00,17.901023326503445
2017-06-01 12:00:00,18.466293623966585
2017-06-01 13:00:00,18.256541663670305
2017-06-01 14:00:00,15.64497777913941
2017-06-01 15:00:00,16.443765449075503
2017-06-01 16:00:00,16.703284204254654
2017-06-01 17:00:00,17.71674317777912
2017-06-01 18:00:00,18.936055571341495
2017-06-01 19:00:00,19.270580426053428
2017-06-01 20:00:00,18.80608912029305
2017-06-01 21:00:00,18.210167399496097
2017-06-01 22:00:00,16.835684081316906
2017-06-01 23:00:00,19.41762219814607
2017-06-02 00:00:00,18.127123648228846
2017-06-02 01:00:00,16.514378967101948
2017-06-02 02:00:00,17.256064920274433
2017-06-02 03:00:00,19.461672131084505
2017-06-02 04:00:00,19.72068171617325
2017-06-02 05:00:00,16.87690860151121
2017-06-02 06:00:00,20.529645610190027
2017-06-02 07:00:00,19.0940500403763
2017-06-02 08:00:00,18.68180049337333
2017-06-02 09:00:00,16.59663879478702
2017-06-02 10:00:00,20.582364606945415
2017-06-02 11:00:00,17.936130130571616
2017-06-02 12:00:00,17.09787371812359
2017-06-02 13:00:00,17.479472781516368
2017-06-02 14:00:00,17.874147859240228
2017-06-02 15:00:00,16.81149133315805
2017-06-02 16:00:00,18.736773646196646
2017-06-02 17:00:00,17.859343833747378
2017-06-02 18:00:00,15.921214293507681
2017-06-02 19:00:00,16.95143793937225
2017-06-02 20:00:00,16.638365612621612
2017-06-02 21:00:00,17.030644409124644
2017-06-02 22:00:00,17.340422855456545
2017-06-02 23:00:00,18.22494773002974
2017-06-03 00:00:00,17.64641030851218
2017-06-03 01:00:00,17.7756944329297
2017-06-03 02:00:00,17.100903317648086
2017-06-03 03:00:00,18.82421808718676
2017-06-03 04:00:00,17.667515529447897
2017-06-03 05:00:00,20.388006614925516
2017-06-03 06:00:00,16.927632056912856
2017-06-03 07:00:00,17.95078499411649
2017-06-03 08:00:00,19.560322865935348
2017-06-03 09:00:00,16.624685008394277
2017-06-03 10:00:00,16.858861215245287
2017-06-03 11:00:00,16.66120901891751
2017-06-03 12:00:00,17.844159491431252
2017-06-03 13:00:00,17.64829327290742
2017-06-03 14:00:00,18.256234954103878
2017-06-03 15:00:00,19.341636965116162
2017-06-03 16:00:00,16.612243616709453
2017-06-03 17:00:00,17.537446917742297
2017-06-03 18:00:00,18.479192848342578
2017-06-03 19:00:00,14.986237081131046
2017-06-03 20:00:00,17.36807035914321
2017-06-03 21:00:00,17.45306171822369
2017-06-03 22:00:00,17.273875232990143
2017-06-03 23:00:00,18.34071710334577
2017-06-04 00:00:00,19.316544995115645
2017-06-04 01:00:00,17.35370715788873
2017-06-04 02:00:00,20.634716091428007
2017-06-04 03:00:00,17.156827457767907
2017-06-04 04:00:00,17.927280529971462
2017-06-04 05:00:00,18.26067386002814
2017-06-04 06:00:00,16.169958851874778
2017-06-04 07:00:00,18.549470368630825
2017-06-04 08:00:00,18.02525186528364
2017-06-04 09:00:00,68.18764582617971
2017-06-04 10:00:00,19.24518502754613
2017-06-04 11:00:00,18.0547990802901
2017-06-04 12:00:00,19.328803378497824
2017-06-04 13:00:00,16.394653138836823
2017-06-04 14:00:00,17.695599933804218
2017-06-04 15:00:00,19.505855808233715
2017-06-04 16:00:00,17.90334579824211
2017-06-04 17:00:00,16.534989293503436
2017-06-04 18:00:00,16.61288869791569
2017-06-04 19:00:00,17.091192178130047
2017-06-04 20:00:00,16.42513031202713
2017-06-04 21:00:00,18.594418208902294
2017-06-04 22:00:00,14.62192643067686
2017-06-04 23:00:00,17.014346037292146
2017-06-05 00:00:00,16.33121930376329
2017-06-05 01:00:00,16.352108792446973
2017-06-05 02:00:00,17.31653796804025
2017-06-05 03:00:00,16.518079947034767
2017-06-05 04:00:00,18.573117180284925
2017-06-05 05:00:00,17.052625032104153
2017-06-05 06:00:00,17.337317668106547
2017-06-05 07:00:00,19.00516430452296
2017-06-05 08:00:00,18.327261380239303
2017-06-05 09:00:00,18.15150657070914
2017-06-05 10:00:00,17.96896989396226
2017-06-05 11:00:00,16.650789335578978
2017-06-05 12:00:00,18.361887346727038
2017-06-05 13:00:00,20.542309722767158
2017-06-05 14:00:00,17.684440635348743
2017-06-05 15:00:00,16.795934467577112
2017-06-05 16:00:00,16.178644529794646
2017-06-05 17:00:00,15.693606115672633
2017-06-05 18:00:00,17.587985701328652
2017-06-05 19:00:00,17.35156280237148
2017-06-05 20:00:00,19.254203406093346
2017-06-05 21:00:00,17.904077715437023
2017-06-05 22:00:00,78.793673957503003
2017-06-05 23:00:00,18.748066093586313
2017-06-06 00:00:00,19.438322196990203
2017-06-06 01:00:00,17.62946302344278
2017-06-06 02:00:00,19.164201586645973
2017-06-06 03:00:00,18.54125545609604
2017-06-06 04:00:00,16.724751934876817
2017-06-06 05:00:00,16.76982955600175
2017-06-06 06:00:00,18.50353682876638
2017-06-06 07:00:00,17.621601264501237
2017-06-06 08:00:00,15.347094705936717
2017-06-06 09:00:00,18.308147802023417
2017-06-06 10:00:00,18.31263522626177
2017-06-06 11:00:00,18.237815897251792
2017-06-06 12:00:00,19.831022448192595
2017-06-06 13:00:00,17.522073295688347
2017-06-06 14:00:00,16.15632574947364
2017-06-06 15:00:00,18.760978877735973
2017-06-06 16:00:00,18.18588336706775
2017-06-06 17:00:00,18.7208121328415
2017-06-06 18:00:00,18.77674258294866
2017-06-06 19:00:00,18.179477286176493
2017-06-06 20:00:00,17.338388918320984
2017-06-06 21:00:00,17.921397105344507
2017-06-06 22:00:00,17.81025992443753
2017-06-06 23:00:00,17.452421785006653
2017-06-07 00:00:00,18.188246535498614
2017-06-07 01:00:00,17.856246278962864
2017-06-07 02:00:00,18.05849125261642
2017-06-07 03:00:00,16.69178570015815
2017-06-07 04:00:00,17.657237223652917
2017-06-07 05:00:00,16.624161749048405
2017-06-07 06:00:00,16.729801814740103
2017-06-07 07:00:00,19.652158010267573
2017-06-07 08:00:00,16.779780888932503
2017-06-07 09:00:00,18.582719724466468
2017-06-07 10:00:00,15.979107116506713
2017-06-07 11:00:00,17.875723795455755
2017-06-07 12:00:00,19.25147005531156
2017-06-07 13:00:00,18.941826881525177
2017-06-07 14:00:00,17.11021291814447
2017-06-07 15:00:00,18.952489497865916
2017-06-07 16:00:00,17.553101105082106
2017-06-07 17:00:00,16.83920869246608
2017-06-07 18:00:00,16.550796911454864
2017-06-07 19:00:00,15.590429768859225
2017-06-07 20:00:00,18.563395447280126
2017-06-07 21:00:00,18.930785065998165
2017-06-07 22:00:00,20.005279790430624
2017-06-07 23:00:00,17.5785120248445
2017-06-08 00:00:00,17.60676036171891
2017-06-08 01:00:00,17.329341727822214
2017-06-08 02:00:00,18.374723971345027
2017-06-08 03:00:00,18.188058704918625
2017-06-08 04:00:00,16.193967902774045
2017-06-08 05:00:00,18.57257477822861
2017-06-08 06:00:00,18.68520883884999
2017-06-08 07:00:00,18.304883347366232
2017-06-08 08:00:00,17.710513419917493
2017-06-08 09:00:00,15.699736087254955
2017-06-08 10:00:00,18.121434101576277
2017-06-08 11:00:00,17.87183668648219
2017-06-08 12:00:00,17.44081933246208
2017-06-08 13:00:00,18.081320715841024
2017-06-08 14:00:00,17.730639876157262
2017-06-08 15:00:00,18.08608596680362
2017-06-08 16:00:00,17.85988612468978
2017-06-08 17:00:00,17.436169614569902
2017-06-08 18:00:00,16.668949806315826
2017-06-08 19:00:00,16.513848729390215
2017-06-08 20:00:00,18.409665184710946
2017-06-08 21:00:00,17.95563896262985
2017-06-08 22:00:00,18.488351633000153
2017-06-08 23:00:00,18.523841950563547
2017-06-09 00:00:00,17.845314856907635
2017-06-09 01:00:00,20.298783106701897
2017-06-09 02:00:00,17.39726826946065
2017-06-09 03:00:00,18.08123233037894
2017-06-09 04:00:00,17.39096400786544
2017-06-09 05:00:00,17.569147412058026
2017-06-09 06:00:00,16.7594447189909
2017-06-09 07:00:00,18.816054237585664
2017-06-09 08:00:00,17.363996922883647
2017-06-09 09:00:00,18.786716389153984
2017-06-09 10:00:00,19.276954375240628
2017-06-09 11:00:00,17.97448209754733
2017-06-09 12:00:00,17.36229605089463
2017-06-09 13:00:00,18.37171466845969
2017-06-09 14:00:00,18.678463498708556
2017-06-09 15:00:00,18.77933524258151
2017-06-09 16:00:00,16.40689300789857
2017-06-09 17:00:00,19.806023913060695
2017-06-09 18:00:00,16.94542618861578
2017-06-09 19:00:00,16.343741190262598
2017-06-09 20:00:00,18.738383934000154
2017-06-09 21:00:00,17.586541467507264
2017-06-09 22:00:00,18.131319906939055
2017-06-09 23:00:00,18.258333522023122
2017-06-10 00:00:00,20.0644642443638
2017-06-10 01:00:00,18.17930671047344
2017-06-10 02:00:00,18.563630380457692
2017-06-10 03:00:00,17.592813458960897
2017-06-10 04:00:00,17.154106927831467
2017-06-10 05:00:00,19.03443101908443
2017-06-10 06:00:00,18.705419606706464
2017-06-10 07:00:00,19.89041050189432
2017-06-10 08:00:00,17.074935576953568
2017-06-10 09:00:00,18.445536999161916
2017-06-10 10:00:00,18.92576369987429
2017-06-10 11:00:00,15.997640800878084
2017-06-10 12:00:00,16.470997911850137
2017-06-10 13:00:00,18.590601298817656
2017-06-10 14:00:00,18.278186678965575
2017-06-10 15:00:00,17.233569021553876
2017-06-10 16:00:00,19.093118866100358
2017-06-10 17:00:00,16.92542971690774
2017-06-10 18:00:00,16.271313238228533
2017-06-10 19:00:00,18.101979446214123
2017-06-10 20:00:00,18.158601779355198
2017-06-10 21:00:00,19.135558397092563
2017-06-10 22:00:00,18.269072927443148
2017-06-10 23:00:00,19.000217625809498
2017-06-11 00:00:00,16.837212899085493
2017-06-11 01:00:00,19.03700465796159
2017-06-11 02:00:00,16.746740224062204
2017-06-11 03:00:00,19.233406714586945
2017-06-11 04:00:00,17.7638067423869
2017-06-11 05:00:00,17.99019865490158
2017-06-11 06:00:00,17.503056603215732
2017-06-11 07:00:00,17.845423509500066
2017-06-11 08:00:00,17.61710438524321
2017-06-11 09:00:00,16.24630362922552
2017-06-11 10:00:00,17.005907160605858
2017-06-11 11:00:00,17.249638141731577
2017-06-11 12:00:00,18.320143217980522
2017-06-11 13:00:00,18.631217631531776
2017-06-11 14:00:00,17.630289129882502
2017-06-11 15:00:00,18.460845342598457
2017-06-11 16:00:00,48.54083001871416
2017-06-11 17:00:00,17.628677249630424
2017-06-11 18:00:00,15.078949590132005
2017-06-11 19:00:00,18.04185654934119
2017-06-11 20:00:00,19.744822010918096
2017-06-11 21:00:00,17.351692294296175
2017-06-11 22:00:00,18.888182446604148
2017-06-11 23:00:00,17.150052073700195
2017-06-12 00:00:00,17.210726315878524
2017-06-12 01:00:00,20.53331824412208
2017-06-12 02:00:00,17.912439675787148
2017-06-12 03:00:00,16.869128247483673
2017-06-12 04:00:00,19.37401038930667
2017-06-12 05:00:00,18.37305165051964
2017-06-12 06:00:00,18.470560561632333
2017-06-12 07:00:00,25.726487334825071
2017-06-12 08:00:00,17.590186032481384
2017-06-12 09:00:00,18.08372845726716
2017-06-12 10:00:00,17.80757151839632
2017-06-12 11:00:00,16.782792988637482
2017-06-12 12:00:00,17.601806701703826
2017-06-12 13:00:00,19.728836882254264
2017-06-12 14:00:00,17.53173856328392
2017-06-12 15:00:00,18.770940749320825
